<?xml version="1.0" encoding="UTF-8"?><?xml-stylesheet type='text/xsl' href='_UpgradeReport_Files/UpgradeReport.xslt'?><UpgradeLog>
<Properties><Property Name="Solution" Value="PhenoCluster110">
</Property><Property Name="Solution File" Value="C:\Users\sheard\Documents\Visual Studio Projects\PhenoCluster110\PhenoCluster110.sln">
</Property><Property Name="Date" Value="May-31-11">
</Property><Property Name="Time" Value="11:01 AM">
</Property></Properties><Event ErrorLevel="0" Project="PhenoCluster110" Source="PhenoCluster110.vbproj" Description="Project converted successfully">
</Event><Event ErrorLevel="3" Project="PhenoCluster110" Source="PhenoCluster110.vbproj" Description="Converted">
</Event><Event ErrorLevel="0" Project="" Source="PhenoCluster110.sln" Description="Solution converted successfully">
</Event><Event ErrorLevel="3" Project="" Source="PhenoCluster110.sln" Description="Converted">
</Event><Event ErrorLevel="0" Project="PhenoCluster110" Source="PhenoCluster110.vbproj" Description="Scan complete: Upgrade not required for project files.">
</Event></UpgradeLog>